Title,FirstName,Gender
MRS,Duffy,Female
DR,Corinna,Female
DR,Kynthia,Female
MS,Fina,Female
MRS,Tierney,Female
MS,Darby,Female
MS,Dunn,Female
MRS,Millard,Female
MS,Delbert,Female
MS,Patience,Female
MS,Brook,Female
MR,Otto,Male
MR,Mel,Male
MS,Nester,Female
MS,Murry,Female
MRS,Gilberto,Female
MR,Dorena,Male
MS,Bobbette,Female
MS,Ag,Female
MR,Alaster,Male
MS,Cherise,Female
MS,Anatole,Female
DR,Kaleena,Female
MRS,Wendye,Female
DR,Jae,Male
MRS,Ashlie,Female
MR,Averil,Male
MR,Marcellus,Male
DR,Kennett,Male
MRS,Marlo,Female
MRS,Lamar,Female
MRS,Melisent,Female
MR,Gray,Male
DR,Yank,Male
MR,Davis,Male
MR,Lindi,Male
MS,Selby,Female
MRS,Rivi,Female
MRS,Eberto,Female
MS,Judy,Female
MRS,Galvin,Female
MS,Alfonse,Female
MR,Connie,Male
MR,Berty,Male
MR,Aila,Male
MS,Inessa,Female
MRS,Royal,Female
MRS,Justis,Female
DR,Yehudi,Male
MS,Salomone,Female
DR,Tilly,Female
MS,Kendrick,Female
MR,Rayna,Male
MRS,Siegfried,Female
DR,Ketti,Female
MR,Maddy,Male
MRS,Melanie,Female
MS,Morley,Female
DR,Zebedee,Male
DR,Renaud,Male
MS,Gabriel,Female
MS,Rooney,Female
MS,Debbi,Female
MR,Douglass,Male
MS,Nady,Female
MR,Betta,Male
MR,Angel,Male
MRS,Garnet,Female
MRS,Farlie,Female
MR,Vidovic,Male
MS,Paulette,Female
MS,Chiarra,Female
MR,Gerhardine,Male
MR,Fowler,Male
MRS,Nadya,Female
DR,Theodore,Male
MR,Morry,Male
MS,Glendon,Female
MRS,Joline,Female
DR,Willy,Male
MR,Bren,Male
MR,Rahal,Male
DR,Bordie,Male
DR,Maribeth,Female
MS,Alfons,Female
MR,Torrey,Male
MR,Morey,Male
MRS,Anderson,Female
DR,Land,Male
DR,Hermione,Female
MRS,Lukas,Female
MR,Kasper,Male
MRS,Ely,Female
MRS,Norbert,Female
MS,Max,Female
MRS,Celinka,Female
MR,Caryn,Male
MR,Gianni,Male
DR,Libbie,Female
MR,Carce,Male
MS,Gerri,Female
MS,Rosalinda,Female
MRS,Sue,Female
MR,Nora,Male
MS,Sheila-kathryn,F
DR,Andrey,Male
MRS,Gustave,Female
MRS,Francine,Female
MS,Ricardo,Female
MR,Magda,Male
DR,Ellen,Female
MS,Morgun,Female
DR,Faye,Female
MRS,Morry,Female
MRS,Torrin,Female
MR,Gennie,Male
MRS,Noach,Female
MS,Gunner,Female
MS,Berke,Female
MRS,Gussy,Female
DR,Brnaba,Male
MS,Emile,Female
MR,Earle,Male
MRS,Avery,Female
MR,Llywellyn,Male
MS,Deni,Female
MR,Rowan,Male
MR,Bab,Male
MRS,Marcie,Female
MS,Rayshell,Female
MR,Aluino,Male
MRS,Dolph,Female
DR,Zackariah,Male
MR,Thayne,Male
MS,Chelsea,Female
MS,Roderic,Female
MRS,Hanan,Female
MRS,Orland,Female
MR,Kevan,Male
MRS,Nanine,Female
MRS,Wildon,Female
MRS,Junina,Female
MR,Hendrik,Male
MR,Joachim,Male
MS,Gris,Female
DR,Horacio,Male
DR,Jacquette,Female
MRS,Gilda,Female
MS,Glennis,Female
MR,Carroll,Male
DR,Sloane,Male
MS,Zared,Female
MS,Dylan,Female
MR,Morie,Male
MR,Thorstein,Male
MRS,Lyndy,Female
DR,Jeramie,Male
MS,Mano,Female
MR,Vite,Male
MR,Stanleigh,Male
MS,Liva,Female
MR,Farlay,Male
MS,Ulric,Female
MS,Arman,Female
DR,Rich,Male
MS,Aloise,Female
MR,Udale,Male
DR,Bern,Male
MR,Arlie,Male
MR,Frans,Male
MS,Guglielmo,Female
DR,Jess,Female
MS,Sawyer,Female
MR,Boniface,Male
MRS,Phillis,Female
MRS,Costanza,Female
MR,Jeanelle,Male
MR,Dolley,Male
MR,Shanta,Male
MRS,Quinn,Female
DR,Philippa,Female
MS,Sean,Female
MR,Ricky,Male
DR,Cordi,Female
MRS,Saleem,Female
MR,Ofelia,Male
MRS,Chrissy,Female
MRS,Donelle,Female
MR,Fredric,Male
MR,Meryl,Male
MRS,Rheba,Female
MS,Alexi,Female
MR,Ginger,Male
MR,Harley,Male
MS,Lexie,Female
MR,Delano,Male
MRS,Lauraine,Female
MR,Ellwood,Male
MS,Talbot,Female
DR,Kristine,Female
MS,Benyamin,Female
MS,Nicolina,Female
MR,Ivar,Male
DR,Jud,Male
MR,Hakeem,Male
MRS,Bennett,Female
DR,Windy,Female
MR,Hobart,Male
DR,Lincoln,Male
MRS,Nicky,Female
MR,Garvy,Male
MS,Merline,Female
MRS,Laney,Female
DR,Rodrigo,Male
DR,Lorelei,Female
MS,Othella,Female
MRS,Ruttger,Female
MRS,Vilma,Female
DR,Anya,Female
MR,Rosemaria,Male
MR,Orville,Male
MR,Leelah,Male
DR,Kerby,Male
MRS,Lainey,Female
DR,Linn,Male
MS,Nanice,Female
MR,Gifford,Male
MR,Sharla,Male
MS,Isidro,Female
MRS,Bryant,Female
MS,Mylo,Female
MRS,Torin,Female
MS,Austen,Female
DR,Any,Male
MR,Conny,Male
MRS,Jacob,Female
MRS,Joelynn,Female
MS,Morganne,Female
MRS,Jared,Female
MRS,Ingaberg,Female
MRS,Ransell,Female
MRS,Krystal,Female
MR,Marlo,Male
MRS,George,Female
MRS,Bianka,Female
DR,Victoir,Male
MRS,Dedie,Female
MS,Gay,Female
MRS,Feodora,Female
MRS,Bianka,Female
MRS,Arv,Female
DR,Jed,Male
DR,Marla,Female
MS,Abrahan,Female
DR,Sheppard,Male
MRS,Pascale,Female
MS,Bernete,Female
MS,Gus,Female
DR,Humfrey,Male
MR,Mitzi,Male
MS,Allyce,Female
DR,Georgeanna,Female
MR,Goldie,Male
MS,Ignace,Female
MR,Dwain,Male
MRS,Umberto,Female
MS,Adair,Female
MRS,Maribel,Female
MS,Guglielma,Female
DR,Bat,Male
DR,Jae,Male
DR,Karney,Male
MRS,Dorothea,Female
MR,Verne,Male
DR,Judi,Female
MRS,Raimondo,Female
MRS,Orin,Female
DR,Maurita,Female
MS,Jamima,Female
MR,Parsifal,Male
MR,Charla,Male
MR,Dennie,Male
DR,Ches,Male
DR,Dru,Female
MR,Madelene,Male
MR,Farrel,Male
MRS,Burnard,Female
DR,Willetta,Female
MR,Riccardo,Male
MRS,Eustacia,Female
DR,Lacee,Female
MRS,Charin,Female
MRS,Codi,Female
MR,Jolie,Male
MS,Eloise,Female
MS,Jerry,Female
DR,Judon,Male
MR,Cristen,Male
DR,Abel,Male
MR,Evvy,Male
MS,Mannie,Female
MS,Lazare,Female
MRS,Biddy,Female
MR,Costanza,Male
MRS,Krystal,Female
MRS,Caddric,Female
MS,Debee,Female
MRS,Orlan,Female
MS,Isiahi,Female
MRS,Bernardo,Female
DR,Alaine,Female
MS,Torrence,Female
MRS,Christy,Female
MRS,Skipp,Female
MRS,Alex,Female
DR,Mauricio,Male
MS,Urban,Female
MRS,Dorthy,Female
MR,Bevan,Male
MRS,Cicily,Female
DR,Lev,Male
DR,Gaynor,Female
DR,Perry,Male
MRS,Eddi,Female
DR,Alane,Female
MS,Theodore,Female
MR,Thor,Male
DR,Sonny,Female
DR,Amalee,Female
DR,Cheri,Female
MRS,Willy,Female
MS,Rog,Female
DR,Lilith,Female
DR,Reggie,Male
MS,Bertrand,Female
DR,Pepillo,Male
MS,Blinny,Female
MRS,Ezekiel,Female
MRS,Cherida,Female
DR,Saxon,Male
MRS,Gabbie,Female
DR,Valentino,Male
MRS,Ignazio,Female
MR,Gloriana,Male
DR,Raul,Male
DR,Nikolaus,Male
MRS,Kasey,Female
MRS,Allison,Female
MR,Sky,Male
MS,Roselle,Female
MR,Fredek,Male
MS,Janifer,Female
MS,Leon,Female
MR,Orville,Male
MRS,Agna,Female
MR,Velvet,Male
MS,Wilhelmine,Female
MR,Olia,Male
DR,Lia,Female
DR,Barbra,Female
MS,Brice,Female
DR,Suzanne,Female
MRS,Hope,Female
DR,Blane,Male
DR,Lara,Female
DR,Shepherd,Male
MRS,Sallyanne,Female
MR,Granthem,Male
MRS,Lynea,Female
MR,Mic,Male
MRS,Lucas,Female
MRS,Andy,Female
MS,Emma,Female
MS,Dannie,Female
DR,Alina,Female
MS,Deena,Female
MS,Albertine,Female
DR,Zahara,Female
MRS,Lynn,Female
MS,Dareen,Female
MRS,Stormy,Female
DR,Eduard,Male
DR,Aurie,Female
MR,Katine,Male
DR,Staford,Male
MS,Polly,Female
DR,Nichols,Male
MR,Lorita,Male
MRS,Babita,Female
MS,Niccolo,Female
MS,Giusto,Female
MR,Ilsa,Male
DR,Daisi,Female
MRS,Schuyler,Female
MS,Sheridan,Female
MR,Violette,Male
DR,Teador,Male
DR,Fancy,Female
DR,Morie,Male
DR,Glen,Male
MR,Damian,Male
MS,Prudence,Female
DR,Tiebout,Male
MS,Mack,Female
MR,Octavius,Male
MR,Selig,Male
MS,Kass,Female
MS,Shelton,Female
MR,Bordy,Male
MRS,Gusti,Female
MS,Barbey,Female
MRS,Stanislas,Female
MRS,Valma,Female
MR,Hillery,Male
MRS,Felicio,Female
DR,Leonelle,Female
MR,Shaine,Male
MS,Donny,Female
MRS,Melli,Female
MR,Dannye,Male
DR,Clark,Male
DR,Larisa,Female
MR,Linnet,Male
MR,Law,Male
MRS,Lonny,Female
DR,Dylan,Male
DR,Timothea,Female
DR,Humphrey,Male
MS,Barnie,Female
MRS,Henka,Female
DR,Dulci,Female
DR,Elbertine,Female
MS,Adriaens,Female
MRS,Mervin,Female
MS,Yalonda,Female
MRS,Petronia,Female
MR,Lance,Male
MS,Benny,Female
MS,Kimmi,Female
DR,Ralina,Female
MS,Carlin,Female
MRS,Tam,Female
MS,Shanon,Female
DR,Cal,Male
MR,Dunc,Male
DR,Angel,Female
MS,Nicolais,Female
MRS,Dave,Female
MRS,Friederike,Female
DR,Benedikt,Male
MS,Wendeline,Female
MS,Bryon,Female
MRS,Marlee,Female
MR,Horatius,Male
MR,Maddie,Male
MRS,Maison,Female
MS,Eugenius,Female
MS,Roderich,Female
DR,Daile,Female
MR,Verena,Male
MRS,Jacquelin,Female
DR,Cristal,Female
MRS,Gus,Female
MS,Urson,Female
MS,Nehemiah,Female
MRS,Danyette,Female
DR,Waneta,Female
MRS,Lennie,Female
MS,Mahmud,Female
DR,Vasili,Male
MS,Audi,Female
MS,Obediah,Female
DR,Danette,Female
MR,Isabelle,Male
MRS,Haleigh,Female
MS,Miner,Female
MS,Lorianna,Female
DR,Floris,Female
MS,Daryn,Female
MR,Sherye,Male
DR,Patty,Female
MRS,Chance,Female
MS,Cherise,Female
DR,Martynne,Female
MS,Rosanna,Female
MR,Forest,Male
DR,Arne,Male
DR,Britta,Female
MR,Penni,Male
MRS,Rodney,Female
DR,Hasheem,Male
DR,Guglielmo,Male
MRS,Mordy,Female
DR,Francesco,Male
MRS,Lanni,Female
MS,Aluino,Female
MRS,Carolina,Female
MS,Shawna,Female
MR,Neille,Male
MS,Marilyn,Female
MS,Mart,Female
MS,Elana,Female
MS,Dawn,Female
DR,Lu,Female
MRS,Markos,Female
MS,Kristo,Female
MRS,Genovera,Female
DR,Jarred,Male
DR,Dulcie,Female
DR,Zaneta,Female
MR,Ashleigh,Male
MRS,Adella,Female
MR,Sonnie,Male
DR,Bruce,Male
MRS,Yevette,Female
MR,Sybille,Male
MS,Nickie,Female
DR,Sigrid,Female
MRS,Spenser,Female
MR,Therine,Male
MR,Barney,Male
DR,Patrice,Male
MRS,Christie,Female
MR,Rodney,Male
MS,Chiquita,Female
MRS,Ibrahim,Female
MR,Jojo,Male
MRS,Goraud,Female
MS,Aridatha,Female
MR,Lucais,Male
DR,Elinore,Female
DR,Kale,Male
MS,Wendeline,Female
DR,Sari,Female
MRS,Violet,Female
MR,Mara,Male
MRS,Rodger,Female
MR,Hashim,Male
MS,Tate,Female
MS,Dante,Female
MS,Arther,Female
DR,Jackquelin,Female
MRS,Lydie,Female
MRS,Terese,Female
MR,Minetta,Male
MR,Meredith,Male
MR,Glenine,Male
MRS,Erny,Female
MS,Cross,Female
MR,Eleni,Male
MS,Celisse,Female
MRS,Letizia,Female
DR,Enoch,Male
DR,Chan,Male
DR,Rutter,Male
MR,Marcie,Male
MS,Mersey,Female
DR,Carson,Male
MRS,Ninnette,Female
MS,Milissent,Female
MR,Danyelle,Male
MR,Silas,Male
DR,Dale,Female
DR,Consalve,Male
DR,Ashley,Male
MS,Domenico,Female
MS,Stephana,Female
MRS,Arleyne,Female
MR,Cathee,Male
MS,Jocelin,Female
MS,Beverley,Female
DR,Carole,Female
MS,Donielle,Female
DR,Nikita,Male
MR,Valaria,Male
MS,Rachel,Female
DR,Reinold,Male
DR,Linzy,Female
DR,Aline,Female
MS,Sylvester,Female
MR,Marga,Male
MR,Laney,Male
MRS,Lurlene,Female
MRS,Edvard,Female
MR,Skip,Male
MR,Joli,Male
MS,Tracie,Female
MS,Jayme,Female
MRS,Ronny,Female
MRS,Reade,Female
DR,Haleigh,Male
MS,Darrin,Female
DR,Hewie,Male
DR,Ricardo,Male
DR,Leonard,Male
MRS,Gabie,Female
MS,Hartley,Female
MR,Tori,Male
MRS,Dana,Female
MRS,Pearla,Female
MS,Davida,Female
MS,Hetty,Female
MR,Hollyanne,Male
MR,Guglielma,Male
MR,Woody,Male
DR,Winn,Male
DR,Jamaal,Male
DR,Latrena,Female
MR,Meagan,Male
MRS,Andreana,Female
DR,Evangelina,Female
MRS,Chrystel,Female
MR,Juliet,Male
MR,Emyle,Male
MR,Hayes,Male
MRS,Rupert,Female
DR,Camellia,Female
MR,Salomone,Male
MRS,Matty,Female
MRS,Juanita,Female
MS,Arte,Female
MR,Davina,Male
DR,Leroy,Male
MS,Emanuel,Female
MS,Priscilla,Female
MS,Quintana,Female
MS,Korella,Female
MRS,Even,Female
DR,Alexa,Female
MRS,Wolfie,Female
MS,Giraldo,Female
MS,Liana,Female
MS,Kristyn,Female
MRS,Upton,Female
DR,Corby,Male
MRS,Olivier,Female
MS,Flora,Female
MR,Winnie,Male
DR,Melony,Female
DR,Darrelle,Female
MR,Mitch,Male
DR,Ginnifer,Female
MS,Shannah,Female
DR,Grazia,Female
MS,Sabine,Female
MR,Deonne,Male
MRS,Agretha,Female
MR,Lucy,Male
MRS,Lainey,Female
MR,Rasla,Male
MS,Drake,Female
MRS,Putnam,Female
MR,Belinda,Male
MR,Simon,Male
